ID,Name,Age,Salary
1,John Doe,25,55000
2,Jane Smith,30,62000
3,Michael Johnson,35,72000
4,Emily Brown,28,58000
5,Daniel Wilson,40,85000
6,Sophia Martinez,22,47000
7,William Anderson,33,69000
8,Olivia Thomas,26,53000
9,Liam White,45,91000
10,Emma Harris,29,60000
11,Noah Lewis,32,67000
12,Ava Walker,27,54000
13,James Young,38,77000
14,Isabella Hall,31,65000
15,Benjamin King,50,98000
16,Mia Scott,24,50000
17,Alexander Adams,42,87000
18,Charlotte Baker,36,73000
19,Michael Gonzalez,39,79000
20,Sophia Carter,34,71000
...
